"V1","V2","V3","V4","V5","V6","V7","V8","y1","y2"
0.98,514.5,294,110.25,7,2,0,0,7,11
0.98,514.5,294,110.25,7,3,0,0,7,11
0.98,514.5,294,110.25,7,4,0,0,7,11
0.98,514.5,294,110.25,7,5,0,0,7,11
0.9,563.5,318.5,122.5,7,2,0,0,12,18
0.9,563.5,318.5,122.5,7,3,0,0,12,15
0.9,563.5,318.5,122.5,7,4,0,0,12,15
0.9,563.5,318.5,122.5,7,5,0,0,11,20
0.86,588,294,147,7,2,0,0,11,17
0.86,588,294,147,7,3,0,0,11,12
0.86,588,294,147,7,4,0,0,10,13
0.86,588,294,147,7,5,0,0,9,18
0.82,612.5,318.5,147,7,2,0,0,8,14
0.82,612.5,318.5,147,7,3,0,0,8,11
0.82,612.5,318.5,147,7,4,0,0,8,11
0.82,612.5,318.5,147,7,5,0,0,7,15
0.79,637,343,147,7,2,0,0,19,28
0.79,637,343,147,7,3,0,0,20,21
0.79,637,343,147,7,4,0,0,20,21
0.79,637,343,147,7,5,0,0,19,29
0.76,661.5,416.5,122.5,7,2,0,0,15,20
0.76,661.5,416.5,122.5,7,3,0,0,14,20
0.76,661.5,416.5,122.5,7,4,0,0,15,20
0.76,661.5,416.5,122.5,7,5,0,0,14,19
0.74,686,245,220.5,3.5,2,0,0,34,1
0.74,686,245,220.5,3.5,3,0,0,34,1
0.74,686,245,220.5,3.5,4,0,0,34,1
0.74,686,245,220.5,3.5,5,0,0,34,1
0.71,710.5,269.5,220.5,3.5,2,0,0,34,1
0.71,710.5,269.5,220.5,3.5,3,0,0,34,2
0.71,710.5,269.5,220.5,3.5,4,0,0,34,1
0.71,710.5,269.5,220.5,3.5,5,0,0,34,2
0.69,735,294,220.5,3.5,2,0,0,35,2
0.69,735,294,220.5,3.5,3,0,0,35,2
0.69,735,294,220.5,3.5,4,0,0,35,2
0.69,735,294,220.5,3.5,5,0,0,35,2
0.66,759.5,318.5,220.5,3.5,2,0,0,35,2
0.66,759.5,318.5,220.5,3.5,3,0,0,35,2
0.66,759.5,318.5,220.5,3.5,4,0,0,35,2
0.66,759.5,318.5,220.5,3.5,5,0,0,35,2
0.64,784,343,220.5,3.5,2,0,0,2,7
0.64,784,343,220.5,3.5,3,0,0,2,7
0.64,784,343,220.5,3.5,4,0,0,2,7
0.64,784,343,220.5,3.5,5,0,0,2,7
0.62,808.5,367.5,220.5,3.5,2,0,0,37,2
0.62,808.5,367.5,220.5,3.5,3,0,0,36,2
0.62,808.5,367.5,220.5,3.5,4,0,0,36,2
0.62,808.5,367.5,220.5,3.5,5,0,0,36,2
0.98,514.5,294,110.25,7,2,0.1,1,15,16
0.98,514.5,294,110.25,7,3,0.1,1,15,16
0.98,514.5,294,110.25,7,4,0.1,1,15,16
0.98,514.5,294,110.25,7,5,0.1,1,15,16
0.9,563.5,318.5,122.5,7,2,0.1,1,19,23
0.9,563.5,318.5,122.5,7,3,0.1,1,20,20
0.9,563.5,318.5,122.5,7,4,0.1,1,19,20
0.9,563.5,318.5,122.5,7,5,0.1,1,18,24
0.86,588,294,147,7,2,0.1,1,16,21
0.86,588,294,147,7,3,0.1,1,17,16
0.86,588,294,147,7,4,0.1,1,16,17
0.86,588,294,147,7,5,0.1,1,15,22
0.82,612.5,318.5,147,7,2,0.1,1,14,17
0.82,612.5,318.5,147,7,3,0.1,1,14,15
0.82,612.5,318.5,147,7,4,0.1,1,14,15
0.82,612.5,318.5,147,7,5,0.1,1,13,19
0.79,637,343,147,7,2,0.1,1,26,32
0.79,637,343,147,7,3,0.1,1,27,25
0.79,637,343,147,7,4,0.1,1,27,24
0.79,637,343,147,7,5,0.1,1,26,33
0.76,661.5,416.5,122.5,7,2,0.1,1,23,24
0.76,661.5,416.5,122.5,7,3,0.1,1,22,24
0.76,661.5,416.5,122.5,7,4,0.1,1,23,24
0.76,661.5,416.5,122.5,7,5,0.1,1,22,24
0.74,686,245,220.5,3.5,2,0.1,1,1,3
0.74,686,245,220.5,3.5,3,0.1,1,1,4
0.74,686,245,220.5,3.5,4,0.1,1,1,3
0.74,686,245,220.5,3.5,5,0.1,1,1,4
0.71,710.5,269.5,220.5,3.5,2,0.1,1,2,4
0.71,710.5,269.5,220.5,3.5,3,0.1,1,2,4
0.71,710.5,269.5,220.5,3.5,4,0.1,1,2,4
0.71,710.5,269.5,220.5,3.5,5,0.1,1,2,4
0.69,735,294,220.5,3.5,2,0.1,1,2,4
0.69,735,294,220.5,3.5,3,0.1,1,2,5
0.69,735,294,220.5,3.5,4,0.1,1,2,4
0.69,735,294,220.5,3.5,5,0.1,1,2,4
0.66,759.5,318.5,220.5,3.5,2,0.1,1,3,4
0.66,759.5,318.5,220.5,3.5,3,0.1,1,3,4
0.66,759.5,318.5,220.5,3.5,4,0.1,1,3,4
0.66,759.5,318.5,220.5,3.5,5,0.1,1,3,4
0.64,784,343,220.5,3.5,2,0.1,1,6,9
0.64,784,343,220.5,3.5,3,0.1,1,6,9
0.64,784,343,220.5,3.5,4,0.1,1,6,9
0.64,784,343,220.5,3.5,5,0.1,1,6,9
0.62,808.5,367.5,220.5,3.5,2,0.1,1,4,4
0.62,808.5,367.5,220.5,3.5,3,0.1,1,4,4
0.62,808.5,367.5,220.5,3.5,4,0.1,1,4,4
0.62,808.5,367.5,220.5,3.5,5,0.1,1,4,4
0.98,514.5,294,110.25,7,2,0.1,2,14,16
0.98,514.5,294,110.25,7,3,0.1,2,14,16
0.98,514.5,294,110.25,7,4,0.1,2,14,16
0.98,514.5,294,110.25,7,5,0.1,2,14,16
0.9,563.5,318.5,122.5,7,2,0.1,2,19,23
0.9,563.5,318.5,122.5,7,3,0.1,2,20,19
0.9,563.5,318.5,122.5,7,4,0.1,2,19,19
0.9,563.5,318.5,122.5,7,5,0.1,2,18,24
0.86,588,294,147,7,2,0.1,2,16,21
0.86,588,294,147,7,3,0.1,2,17,16
0.86,588,294,147,7,4,0.1,2,16,17
0.86,588,294,147,7,5,0.1,2,15,22
0.82,612.5,318.5,147,7,2,0.1,2,14,17
0.82,612.5,318.5,147,7,3,0.1,2,14,15
0.82,612.5,318.5,147,7,4,0.1,2,14,15
0.82,612.5,318.5,147,7,5,0.1,2,13,19
0.79,637,343,147,7,2,0.1,2,26,31
0.79,637,343,147,7,3,0.1,2,27,25
0.79,637,343,147,7,4,0.1,2,27,24
0.79,637,343,147,7,5,0.1,2,26,33
0.76,661.5,416.5,122.5,7,2,0.1,2,23,24
0.76,661.5,416.5,122.5,7,3,0.1,2,22,24
0.76,661.5,416.5,122.5,7,4,0.1,2,23,24
0.76,661.5,416.5,122.5,7,5,0.1,2,22,24
0.74,686,245,220.5,3.5,2,0.1,2,1,3
0.74,686,245,220.5,3.5,3,0.1,2,1,4
0.74,686,245,220.5,3.5,4,0.1,2,1,4
0.74,686,245,220.5,3.5,5,0.1,2,1,4
0.71,710.5,269.5,220.5,3.5,2,0.1,2,2,4
0.71,710.5,269.5,220.5,3.5,3,0.1,2,2,4
0.71,710.5,269.5,220.5,3.5,4,0.1,2,2,4
0.71,710.5,269.5,220.5,3.5,5,0.1,2,2,4
0.69,735,294,220.5,3.5,2,0.1,2,2,3
0.69,735,294,220.5,3.5,3,0.1,2,2,4
0.69,735,294,220.5,3.5,4,0.1,2,2,3
0.69,735,294,220.5,3.5,5,0.1,2,2,4
0.66,759.5,318.5,220.5,3.5,2,0.1,2,2,5
0.66,759.5,318.5,220.5,3.5,3,0.1,2,2,5
0.66,759.5,318.5,220.5,3.5,4,0.1,2,2,5
0.66,759.5,318.5,220.5,3.5,5,0.1,2,2,5
0.64,784,343,220.5,3.5,2,0.1,2,6,9
0.64,784,343,220.5,3.5,3,0.1,2,6,9
0.64,784,343,220.5,3.5,4,0.1,2,6,9
0.64,784,343,220.5,3.5,5,0.1,2,6,9
0.62,808.5,367.5,220.5,3.5,2,0.1,2,4,4
0.62,808.5,367.5,220.5,3.5,3,0.1,2,4,5
0.62,808.5,367.5,220.5,3.5,4,0.1,2,4,4
0.62,808.5,367.5,220.5,3.5,5,0.1,2,4,4
0.98,514.5,294,110.25,7,2,0.1,3,14,16
0.98,514.5,294,110.25,7,3,0.1,3,14,16
0.98,514.5,294,110.25,7,4,0.1,3,14,16
0.98,514.5,294,110.25,7,5,0.1,3,14,16
0.9,563.5,318.5,122.5,7,2,0.1,3,18,24
0.9,563.5,318.5,122.5,7,3,0.1,3,19,23
0.9,563.5,318.5,122.5,7,4,0.1,3,20,20
0.9,563.5,318.5,122.5,7,5,0.1,3,19,20
0.86,588,294,147,7,2,0.1,3,15,22
0.86,588,294,147,7,3,0.1,3,16,21
0.86,588,294,147,7,4,0.1,3,17,16
0.86,588,294,147,7,5,0.1,3,16,17
0.82,612.5,318.5,147,7,2,0.1,3,13,19
0.82,612.5,318.5,147,7,3,0.1,3,14,18
0.82,612.5,318.5,147,7,4,0.1,3,14,15
0.82,612.5,318.5,147,7,5,0.1,3,14,15
0.79,637,343,147,7,2,0.1,3,26,33
0.79,637,343,147,7,3,0.1,3,25,31
0.79,637,343,147,7,4,0.1,3,27,25
0.79,637,343,147,7,5,0.1,3,27,24
0.76,661.5,416.5,122.5,7,2,0.1,3,23,24
0.76,661.5,416.5,122.5,7,3,0.1,3,23,24
0.76,661.5,416.5,122.5,7,4,0.1,3,22,24
0.76,661.5,416.5,122.5,7,5,0.1,3,23,24
0.74,686,245,220.5,3.5,2,0.1,3,1,4
0.74,686,245,220.5,3.5,3,0.1,3,1,3
0.74,686,245,220.5,3.5,4,0.1,3,1,4
0.74,686,245,220.5,3.5,5,0.1,3,1,3
0.71,710.5,269.5,220.5,3.5,2,0.1,3,2,4
0.71,710.5,269.5,220.5,3.5,3,0.1,3,2,4
0.71,710.5,269.5,220.5,3.5,4,0.1,3,2,4
0.71,710.5,269.5,220.5,3.5,5,0.1,3,2,4
0.69,735,294,220.5,3.5,2,0.1,3,2,4
0.69,735,294,220.5,3.5,3,0.1,3,2,4
0.69,735,294,220.5,3.5,4,0.1,3,2,5
0.69,735,294,220.5,3.5,5,0.1,3,2,4
0.66,759.5,318.5,220.5,3.5,2,0.1,3,3,3
0.66,759.5,318.5,220.5,3.5,3,0.1,3,3,4
0.66,759.5,318.5,220.5,3.5,4,0.1,3,3,4
0.66,759.5,318.5,220.5,3.5,5,0.1,3,3,4
0.64,784,343,220.5,3.5,2,0.1,3,6,9
0.64,784,343,220.5,3.5,3,0.1,3,6,9
0.64,784,343,220.5,3.5,4,0.1,3,6,9
0.64,784,343,220.5,3.5,5,0.1,3,6,9
0.62,808.5,367.5,220.5,3.5,2,0.1,3,4,4
0.62,808.5,367.5,220.5,3.5,3,0.1,3,4,4
0.62,808.5,367.5,220.5,3.5,4,0.1,3,4,4
0.62,808.5,367.5,220.5,3.5,5,0.1,3,4,4
0.98,514.5,294,110.25,7,2,0.1,4,14,16
0.98,514.5,294,110.25,7,3,0.1,4,14,16
0.98,514.5,294,110.25,7,4,0.1,4,14,16
0.98,514.5,294,110.25,7,5,0.1,4,14,16
0.9,563.5,318.5,122.5,7,2,0.1,4,19,19
0.9,563.5,318.5,122.5,7,3,0.1,4,18,24
0.9,563.5,318.5,122.5,7,4,0.1,4,19,23
0.9,563.5,318.5,122.5,7,5,0.1,4,20,20
0.86,588,294,147,7,2,0.1,4,16,17
0.86,588,294,147,7,3,0.1,4,15,22
0.86,588,294,147,7,4,0.1,4,16,21
0.86,588,294,147,7,5,0.1,4,17,16
0.82,612.5,318.5,147,7,2,0.1,4,14,15
0.82,612.5,318.5,147,7,3,0.1,4,13,19
0.82,612.5,318.5,147,7,4,0.1,4,14,18
0.82,612.5,318.5,147,7,5,0.1,4,14,15
0.79,637,343,147,7,2,0.1,4,27,24
0.79,637,343,147,7,3,0.1,4,26,33
0.79,637,343,147,7,4,0.1,4,25,32
0.79,637,343,147,7,5,0.1,4,27,25
0.76,661.5,416.5,122.5,7,2,0.1,4,23,24
0.76,661.5,416.5,122.5,7,3,0.1,4,22,24
0.76,661.5,416.5,122.5,7,4,0.1,4,23,24
0.76,661.5,416.5,122.5,7,5,0.1,4,22,24
0.74,686,245,220.5,3.5,2,0.1,4,1,3
0.74,686,245,220.5,3.5,3,0.1,4,1,3
0.74,686,245,220.5,3.5,4,0.1,4,1,3
0.74,686,245,220.5,3.5,5,0.1,4,1,4
0.71,710.5,269.5,220.5,3.5,2,0.1,4,2,4
0.71,710.5,269.5,220.5,3.5,3,0.1,4,2,4
0.71,710.5,269.5,220.5,3.5,4,0.1,4,2,4
0.71,710.5,269.5,220.5,3.5,5,0.1,4,2,4
0.69,735,294,220.5,3.5,2,0.1,4,2,4
0.69,735,294,220.5,3.5,3,0.1,4,2,4
0.69,735,294,220.5,3.5,4,0.1,4,2,4
0.69,735,294,220.5,3.5,5,0.1,4,2,5
0.66,759.5,318.5,220.5,3.5,2,0.1,4,2,5
0.66,759.5,318.5,220.5,3.5,3,0.1,4,2,5
0.66,759.5,318.5,220.5,3.5,4,0.1,4,2,5
0.66,759.5,318.5,220.5,3.5,5,0.1,4,2,5
0.64,784,343,220.5,3.5,2,0.1,4,6,9
0.64,784,343,220.5,3.5,3,0.1,4,6,9
0.64,784,343,220.5,3.5,4,0.1,4,6,9
0.64,784,343,220.5,3.5,5,0.1,4,6,9
0.62,808.5,367.5,220.5,3.5,2,0.1,4,4,4
0.62,808.5,367.5,220.5,3.5,3,0.1,4,4,4
0.62,808.5,367.5,220.5,3.5,4,0.1,4,4,4
0.62,808.5,367.5,220.5,3.5,5,0.1,4,4,4
0.98,514.5,294,110.25,7,2,0.1,5,14,16
0.98,514.5,294,110.25,7,3,0.1,5,14,16
0.98,514.5,294,110.25,7,4,0.1,5,14,16
0.98,514.5,294,110.25,7,5,0.1,5,14,16
0.9,563.5,318.5,122.5,7,2,0.1,5,20,20
0.9,563.5,318.5,122.5,7,3,0.1,5,19,20
0.9,563.5,318.5,122.5,7,4,0.1,5,18,24
0.9,563.5,318.5,122.5,7,5,0.1,5,19,23
0.86,588,294,147,7,2,0.1,5,17,16
0.86,588,294,147,7,3,0.1,5,16,17
0.86,588,294,147,7,4,0.1,5,15,22
0.86,588,294,147,7,5,0.1,5,16,21
0.82,612.5,318.5,147,7,2,0.1,5,14,15
0.82,612.5,318.5,147,7,3,0.1,5,14,15
0.82,612.5,318.5,147,7,4,0.1,5,13,19
0.82,612.5,318.5,147,7,5,0.1,5,14,18
0.79,637,343,147,7,2,0.1,5,27,25
0.79,637,343,147,7,3,0.1,5,27,24
0.79,637,343,147,7,4,0.1,5,27,33
0.79,637,343,147,7,5,0.1,5,25,31
0.76,661.5,416.5,122.5,7,2,0.1,5,22,24
0.76,661.5,416.5,122.5,7,3,0.1,5,23,24
0.76,661.5,416.5,122.5,7,4,0.1,5,22,24
0.76,661.5,416.5,122.5,7,5,0.1,5,23,24
0.74,686,245,220.5,3.5,2,0.1,5,1,4
0.74,686,245,220.5,3.5,3,0.1,5,1,3
0.74,686,245,220.5,3.5,4,0.1,5,1,4
0.74,686,245,220.5,3.5,5,0.1,5,1,4
0.71,710.5,269.5,220.5,3.5,2,0.1,5,2,4
0.71,710.5,269.5,220.5,3.5,3,0.1,5,2,4
0.71,710.5,269.5,220.5,3.5,4,0.1,5,2,4
0.71,710.5,269.5,220.5,3.5,5,0.1,5,5,4
0.69,735,294,220.5,3.5,2,0.1,5,2,5
0.69,735,294,220.5,3.5,3,0.1,5,2,4
0.69,735,294,220.5,3.5,4,0.1,5,2,4
0.69,735,294,220.5,3.5,5,0.1,5,2,4
0.66,759.5,318.5,220.5,3.5,2,0.1,5,2,5
0.66,759.5,318.5,220.5,3.5,3,0.1,5,2,5
0.66,759.5,318.5,220.5,3.5,4,0.1,5,2,5
0.66,759.5,318.5,220.5,3.5,5,0.1,5,2,5
0.64,784,343,220.5,3.5,2,0.1,5,6,9
0.64,784,343,220.5,3.5,3,0.1,5,6,9
0.64,784,343,220.5,3.5,4,0.1,5,6,9
0.64,784,343,220.5,3.5,5,0.1,5,6,9
0.62,808.5,367.5,220.5,3.5,2,0.1,5,4,4
0.62,808.5,367.5,220.5,3.5,3,0.1,5,4,4
0.62,808.5,367.5,220.5,3.5,4,0.1,5,4,4
0.62,808.5,367.5,220.5,3.5,5,0.1,5,4,4
0.98,514.5,294,110.25,7,2,0.25,1,18,20
0.98,514.5,294,110.25,7,3,0.25,1,18,20
0.98,514.5,294,110.25,7,4,0.25,1,18,19
0.98,514.5,294,110.25,7,5,0.25,1,18,19
0.9,563.5,318.5,122.5,7,2,0.25,1,23,26
0.9,563.5,318.5,122.5,7,3,0.25,1,23,23
0.9,563.5,318.5,122.5,7,4,0.25,1,23,23
0.9,563.5,318.5,122.5,7,5,0.25,1,22,28
0.86,588,294,147,7,2,0.25,1,20,24
0.86,588,294,147,7,3,0.25,1,20,19
0.86,588,294,147,7,4,0.25,1,20,20
0.86,588,294,147,7,5,0.25,1,19,25
0.82,612.5,318.5,147,7,2,0.25,1,17,20
0.82,612.5,318.5,147,7,3,0.25,1,17,18
0.82,612.5,318.5,147,7,4,0.25,1,17,17
0.82,612.5,318.5,147,7,5,0.25,1,16,21
0.79,637,343,147,7,2,0.25,1,29,34
0.79,637,343,147,7,3,0.25,1,30,28
0.79,637,343,147,7,4,0.25,1,30,27
0.79,637,343,147,7,5,0.25,1,29,36
0.76,661.5,416.5,122.5,7,2,0.25,1,27,27
0.76,661.5,416.5,122.5,7,3,0.25,1,26,28
0.76,661.5,416.5,122.5,7,4,0.25,1,27,27
0.76,661.5,416.5,122.5,7,5,0.25,1,26,27
0.74,686,245,220.5,3.5,2,0.25,1,3,5
0.74,686,245,220.5,3.5,3,0.25,1,3,6
0.74,686,245,220.5,3.5,4,0.25,1,3,5
0.74,686,245,220.5,3.5,5,0.25,1,3,6
0.71,710.5,269.5,220.5,3.5,2,0.25,1,4,5
0.71,710.5,269.5,220.5,3.5,3,0.25,1,4,6
0.71,710.5,269.5,220.5,3.5,4,0.25,1,4,5
0.71,710.5,269.5,220.5,3.5,5,0.25,1,4,6
0.69,735,294,220.5,3.5,2,0.25,1,4,5
0.69,735,294,220.5,3.5,3,0.25,1,4,6
0.69,735,294,220.5,3.5,4,0.25,1,4,5
0.69,735,294,220.5,3.5,5,0.25,1,4,6
0.66,759.5,318.5,220.5,3.5,2,0.25,1,4,6
0.66,759.5,318.5,220.5,3.5,3,0.25,1,4,6
0.66,759.5,318.5,220.5,3.5,4,0.25,1,4,6
0.66,759.5,318.5,220.5,3.5,5,0.25,1,4,6
0.64,784,343,220.5,3.5,2,0.25,1,9,11
0.64,784,343,220.5,3.5,3,0.25,1,8,11
0.64,784,343,220.5,3.5,4,0.25,1,9,11
0.64,784,343,220.5,3.5,5,0.25,1,8,11
0.62,808.5,367.5,220.5,3.5,2,0.25,1,6,6
0.62,808.5,367.5,220.5,3.5,3,0.25,1,6,6
0.62,808.5,367.5,220.5,3.5,4,0.25,1,6,6
0.62,808.5,367.5,220.5,3.5,5,0.25,1,6,6
0.98,514.5,294,110.25,7,2,0.25,2,19,20
0.98,514.5,294,110.25,7,3,0.25,2,19,20
0.98,514.5,294,110.25,7,4,0.25,2,18,20
0.98,514.5,294,110.25,7,5,0.25,2,19,20
0.9,563.5,318.5,122.5,7,2,0.25,2,22,26
0.9,563.5,318.5,122.5,7,3,0.25,2,23,23
0.9,563.5,318.5,122.5,7,4,0.25,2,22,23
0.9,563.5,318.5,122.5,7,5,0.25,2,22,28
0.86,588,294,147,7,2,0.25,2,19,23
0.86,588,294,147,7,3,0.25,2,20,18
0.86,588,294,147,7,4,0.25,2,19,20
0.86,588,294,147,7,5,0.25,2,18,25
0.82,612.5,318.5,147,7,2,0.25,2,16,18
0.82,612.5,318.5,147,7,3,0.25,2,16,17
0.82,612.5,318.5,147,7,4,0.25,2,15,17
0.82,612.5,318.5,147,7,5,0.25,2,15,20
0.79,637,343,147,7,2,0.25,2,29,34
0.79,637,343,147,7,3,0.25,2,30,27
0.79,637,343,147,7,4,0.25,2,30,27
0.79,637,343,147,7,5,0.25,2,29,36
0.76,661.5,416.5,122.5,7,2,0.25,2,27,27
0.76,661.5,416.5,122.5,7,3,0.25,2,26,27
0.76,661.5,416.5,122.5,7,4,0.25,2,27,27
0.76,661.5,416.5,122.5,7,5,0.25,2,26,27
0.74,686,245,220.5,3.5,2,0.25,2,3,5
0.74,686,245,220.5,3.5,3,0.25,2,3,5
0.74,686,245,220.5,3.5,4,0.25,2,3,5
0.74,686,245,220.5,3.5,5,0.25,2,3,5
0.71,710.5,269.5,220.5,3.5,2,0.25,2,3,5
0.71,710.5,269.5,220.5,3.5,3,0.25,2,3,5
0.71,710.5,269.5,220.5,3.5,4,0.25,2,3,5
0.71,710.5,269.5,220.5,3.5,5,0.25,2,3,5
0.69,735,294,220.5,3.5,2,0.25,2,4,6
0.69,735,294,220.5,3.5,3,0.25,2,4,6
0.69,735,294,220.5,3.5,4,0.25,2,4,6
0.69,735,294,220.5,3.5,5,0.25,2,4,6
0.66,759.5,318.5,220.5,3.5,2,0.25,2,4,6
0.66,759.5,318.5,220.5,3.5,3,0.25,2,4,6
0.66,759.5,318.5,220.5,3.5,4,0.25,2,4,6
0.66,759.5,318.5,220.5,3.5,5,0.25,2,4,6
0.64,784,343,220.5,3.5,2,0.25,2,8,10
0.64,784,343,220.5,3.5,3,0.25,2,8,11
0.64,784,343,220.5,3.5,4,0.25,2,8,10
0.64,784,343,220.5,3.5,5,0.25,2,8,10
0.62,808.5,367.5,220.5,3.5,2,0.25,2,5,5
0.62,808.5,367.5,220.5,3.5,3,0.25,2,6,6
0.62,808.5,367.5,220.5,3.5,4,0.25,2,6,5
0.62,808.5,367.5,220.5,3.5,5,0.25,2,6,5
0.98,514.5,294,110.25,7,2,0.25,3,19,19
0.98,514.5,294,110.25,7,3,0.25,3,19,20
0.98,514.5,294,110.25,7,4,0.25,3,18,20
0.98,514.5,294,110.25,7,5,0.25,3,19,20
0.9,563.5,318.5,122.5,7,2,0.25,3,22,26
0.9,563.5,318.5,122.5,7,3,0.25,3,22,25
0.9,563.5,318.5,122.5,7,4,0.25,3,23,23
0.9,563.5,318.5,122.5,7,5,0.25,3,22,22
0.86,588,294,147,7,2,0.25,3,18,24
0.86,588,294,147,7,3,0.25,3,19,23
0.86,588,294,147,7,4,0.25,3,19,18
0.86,588,294,147,7,5,0.25,3,19,20
0.82,612.5,318.5,147,7,2,0.25,3,15,19
0.82,612.5,318.5,147,7,3,0.25,3,15,18
0.82,612.5,318.5,147,7,4,0.25,3,15,17
0.82,612.5,318.5,147,7,5,0.25,3,15,16
0.79,637,343,147,7,2,0.25,3,29,35
0.79,637,343,147,7,3,0.25,3,28,34
0.79,637,343,147,7,4,0.25,3,30,28
0.79,637,343,147,7,5,0.25,3,30,27
0.76,661.5,416.5,122.5,7,2,0.25,3,26,26
0.76,661.5,416.5,122.5,7,3,0.25,3,27,26
0.76,661.5,416.5,122.5,7,4,0.25,3,26,27
0.76,661.5,416.5,122.5,7,5,0.25,3,27,27
0.74,686,245,220.5,3.5,2,0.25,3,3,4
0.74,686,245,220.5,3.5,3,0.25,3,3,4
0.74,686,245,220.5,3.5,4,0.25,3,3,5
0.74,686,245,220.5,3.5,5,0.25,3,3,5
0.71,710.5,269.5,220.5,3.5,2,0.25,3,3,5
0.71,710.5,269.5,220.5,3.5,3,0.25,3,3,5
0.71,710.5,269.5,220.5,3.5,4,0.25,3,3,6
0.71,710.5,269.5,220.5,3.5,5,0.25,3,3,5
0.69,735,294,220.5,3.5,2,0.25,3,3,5
0.69,735,294,220.5,3.5,3,0.25,3,3,4
0.69,735,294,220.5,3.5,4,0.25,3,3,5
0.69,735,294,220.5,3.5,5,0.25,3,3,5
0.66,759.5,318.5,220.5,3.5,2,0.25,3,4,6
0.66,759.5,318.5,220.5,3.5,3,0.25,3,4,6
0.66,759.5,318.5,220.5,3.5,4,0.25,3,4,6
0.66,759.5,318.5,220.5,3.5,5,0.25,3,4,6
0.64,784,343,220.5,3.5,2,0.25,3,8,10
0.64,784,343,220.5,3.5,3,0.25,3,8,10
0.64,784,343,220.5,3.5,4,0.25,3,8,10
0.64,784,343,220.5,3.5,5,0.25,3,8,10
0.62,808.5,367.5,220.5,3.5,2,0.25,3,5,5
0.62,808.5,367.5,220.5,3.5,3,0.25,3,5,5
0.62,808.5,367.5,220.5,3.5,4,0.25,3,5,5
0.62,808.5,367.5,220.5,3.5,5,0.25,3,5,4
0.98,514.5,294,110.25,7,2,0.25,4,19,20
0.98,514.5,294,110.25,7,3,0.25,4,19,20
0.98,514.5,294,110.25,7,4,0.25,4,18,20
0.98,514.5,294,110.25,7,5,0.25,4,19,20
0.9,563.5,318.5,122.5,7,2,0.25,4,23,22
0.9,563.5,318.5,122.5,7,3,0.25,4,22,27
0.9,563.5,318.5,122.5,7,4,0.25,4,22,26
0.9,563.5,318.5,122.5,7,5,0.25,4,23,23
0.86,588,294,147,7,2,0.25,4,19,19
0.86,588,294,147,7,3,0.25,4,18,24
0.86,588,294,147,7,4,0.25,4,19,24
0.86,588,294,147,7,5,0.25,4,20,18
0.82,612.5,318.5,147,7,2,0.25,4,16,16
0.82,612.5,318.5,147,7,3,0.25,4,15,19
0.82,612.5,318.5,147,7,4,0.25,4,15,19
0.82,612.5,318.5,147,7,5,0.25,4,16,17
0.79,637,343,147,7,2,0.25,4,30,26
0.79,637,343,147,7,3,0.25,4,29,35
0.79,637,343,147,7,4,0.25,4,28,34
0.79,637,343,147,7,5,0.25,4,30,27
0.76,661.5,416.5,122.5,7,2,0.25,4,27,27
0.76,661.5,416.5,122.5,7,3,0.25,4,26,27
0.76,661.5,416.5,122.5,7,4,0.25,4,27,27
0.76,661.5,416.5,122.5,7,5,0.25,4,26,28
0.74,686,245,220.5,3.5,2,0.25,4,3,5
0.74,686,245,220.5,3.5,3,0.25,4,3,5
0.74,686,245,220.5,3.5,4,0.25,4,3,5
0.74,686,245,220.5,3.5,5,0.25,4,3,5
0.71,710.5,269.5,220.5,3.5,2,0.25,4,3,5
0.71,710.5,269.5,220.5,3.5,3,0.25,4,3,5
0.71,710.5,269.5,220.5,3.5,4,0.25,4,3,5
0.71,710.5,269.5,220.5,3.5,5,0.25,4,3,6
0.69,735,294,220.5,3.5,2,0.25,4,4,5
0.69,735,294,220.5,3.5,3,0.25,4,4,6
0.69,735,294,220.5,3.5,4,0.25,4,4,6
0.69,735,294,220.5,3.5,5,0.25,4,4,6
0.66,759.5,318.5,220.5,3.5,2,0.25,4,4,6
0.66,759.5,318.5,220.5,3.5,3,0.25,4,4,6
0.66,759.5,318.5,220.5,3.5,4,0.25,4,4,6
0.66,759.5,318.5,220.5,3.5,5,0.25,4,4,6
0.64,784,343,220.5,3.5,2,0.25,4,8,10
0.64,784,343,220.5,3.5,3,0.25,4,8,10
0.64,784,343,220.5,3.5,4,0.25,4,8,10
0.64,784,343,220.5,3.5,5,0.25,4,8,10
0.62,808.5,367.5,220.5,3.5,2,0.25,4,5,5
0.62,808.5,367.5,220.5,3.5,3,0.25,4,6,6
0.62,808.5,367.5,220.5,3.5,4,0.25,4,6,5
0.62,808.5,367.5,220.5,3.5,5,0.25,4,6,5
0.98,514.5,294,110.25,7,2,0.25,5,19,20
0.98,514.5,294,110.25,7,3,0.25,5,19,20
0.98,514.5,294,110.25,7,4,0.25,5,18,20
0.98,514.5,294,110.25,7,5,0.25,5,19,20
0.9,563.5,318.5,122.5,7,2,0.25,5,23,22
0.9,563.5,318.5,122.5,7,3,0.25,5,22,22
0.9,563.5,318.5,122.5,7,4,0.25,5,22,27
0.9,563.5,318.5,122.5,7,5,0.25,5,22,26
0.86,588,294,147,7,2,0.25,5,20,18
0.86,588,294,147,7,3,0.25,5,19,19
0.86,588,294,147,7,4,0.25,5,18,24
0.86,588,294,147,7,5,0.25,5,19,23
0.82,612.5,318.5,147,7,2,0.25,5,16,17
0.82,612.5,318.5,147,7,3,0.25,5,15,16
0.82,612.5,318.5,147,7,4,0.25,5,15,19
0.82,612.5,318.5,147,7,5,0.25,5,15,18
0.79,637,343,147,7,2,0.25,5,30,28
0.79,637,343,147,7,3,0.25,5,30,27
0.79,637,343,147,7,4,0.25,5,29,35
0.79,637,343,147,7,5,0.25,5,29,34
0.76,661.5,416.5,122.5,7,2,0.25,5,26,27
0.76,661.5,416.5,122.5,7,3,0.25,5,27,27
0.76,661.5,416.5,122.5,7,4,0.25,5,26,26
0.76,661.5,416.5,122.5,7,5,0.25,5,27,26
0.74,686,245,220.5,3.5,2,0.25,5,3,4
0.74,686,245,220.5,3.5,3,0.25,5,3,5
0.74,686,245,220.5,3.5,4,0.25,5,3,5
0.74,686,245,220.5,3.5,5,0.25,5,3,4
0.71,710.5,269.5,220.5,3.5,2,0.25,5,3,5
0.71,710.5,269.5,220.5,3.5,3,0.25,5,3,5
0.71,710.5,269.5,220.5,3.5,4,0.25,5,3,5
0.71,710.5,269.5,220.5,3.5,5,0.25,5,3,5
0.69,735,294,220.5,3.5,2,0.25,5,3,5
0.69,735,294,220.5,3.5,3,0.25,5,3,5
0.69,735,294,220.5,3.5,4,0.25,5,3,5
0.69,735,294,220.5,3.5,5,0.25,5,3,5
0.66,759.5,318.5,220.5,3.5,2,0.25,5,4,6
0.66,759.5,318.5,220.5,3.5,3,0.25,5,4,6
0.66,759.5,318.5,220.5,3.5,4,0.25,5,4,6
0.66,759.5,318.5,220.5,3.5,5,0.25,5,4,6
0.64,784,343,220.5,3.5,2,0.25,5,8,10
0.64,784,343,220.5,3.5,3,0.25,5,8,10
0.64,784,343,220.5,3.5,4,0.25,5,8,10
0.64,784,343,220.5,3.5,5,0.25,5,8,10
0.62,808.5,367.5,220.5,3.5,2,0.25,5,5,5
0.62,808.5,367.5,220.5,3.5,3,0.25,5,5,5
0.62,808.5,367.5,220.5,3.5,4,0.25,5,5,5
0.62,808.5,367.5,220.5,3.5,5,0.25,5,5,5
0.98,514.5,294,110.25,7,2,0.4,1,22,23
0.98,514.5,294,110.25,7,3,0.4,1,22,23
0.98,514.5,294,110.25,7,4,0.4,1,22,23
0.98,514.5,294,110.25,7,5,0.4,1,23,23
0.9,563.5,318.5,122.5,7,2,0.4,1,26,29
0.9,563.5,318.5,122.5,7,3,0.4,1,27,26
0.9,563.5,318.5,122.5,7,4,0.4,1,27,26
0.9,563.5,318.5,122.5,7,5,0.4,1,26,31
0.86,588,294,147,7,2,0.4,1,22,26
0.86,588,294,147,7,3,0.4,1,22,21
0.86,588,294,147,7,4,0.4,1,22,22
0.86,588,294,147,7,5,0.4,1,21,27
0.82,612.5,318.5,147,7,2,0.4,1,19,22
0.82,612.5,318.5,147,7,3,0.4,1,20,19
0.82,612.5,318.5,147,7,4,0.4,1,20,19
0.82,612.5,318.5,147,7,5,0.4,1,19,24
0.79,637,343,147,7,2,0.4,1,31,35
0.79,637,343,147,7,3,0.4,1,33,29
0.79,637,343,147,7,4,0.4,1,32,28
0.79,637,343,147,7,5,0.4,1,32,37
0.76,661.5,416.5,122.5,7,2,0.4,1,31,30
0.76,661.5,416.5,122.5,7,3,0.4,1,30,31
0.76,661.5,416.5,122.5,7,4,0.4,1,31,31
0.76,661.5,416.5,122.5,7,5,0.4,1,30,29
0.74,686,245,220.5,3.5,2,0.4,1,6,7
0.74,686,245,220.5,3.5,3,0.4,1,6,7
0.74,686,245,220.5,3.5,4,0.4,1,5,7
0.74,686,245,220.5,3.5,5,0.4,1,6,7
0.71,710.5,269.5,220.5,3.5,2,0.4,1,6,7
0.71,710.5,269.5,220.5,3.5,3,0.4,1,6,8
0.71,710.5,269.5,220.5,3.5,4,0.4,1,5,7
0.71,710.5,269.5,220.5,3.5,5,0.4,1,6,7
0.69,735,294,220.5,3.5,2,0.4,1,6,6
0.69,735,294,220.5,3.5,3,0.4,1,6,7
0.69,735,294,220.5,3.5,4,0.4,1,5,7
0.69,735,294,220.5,3.5,5,0.4,1,5,7
0.66,759.5,318.5,220.5,3.5,2,0.4,1,6,8
0.66,759.5,318.5,220.5,3.5,3,0.4,1,6,8
0.66,759.5,318.5,220.5,3.5,4,0.4,1,6,8
0.66,759.5,318.5,220.5,3.5,5,0.4,1,6,8
0.64,784,343,220.5,3.5,2,0.4,1,11,13
0.64,784,343,220.5,3.5,3,0.4,1,10,13
0.64,784,343,220.5,3.5,4,0.4,1,10,13
0.64,784,343,220.5,3.5,5,0.4,1,10,13
0.62,808.5,367.5,220.5,3.5,2,0.4,1,6,7
0.62,808.5,367.5,220.5,3.5,3,0.4,1,8,7
0.62,808.5,367.5,220.5,3.5,4,0.4,1,8,7
0.62,808.5,367.5,220.5,3.5,5,0.4,1,8,7
0.98,514.5,294,110.25,7,2,0.4,2,23,23
0.98,514.5,294,110.25,7,3,0.4,2,23,23
0.98,514.5,294,110.25,7,4,0.4,2,22,24
0.98,514.5,294,110.25,7,5,0.4,2,23,24
0.9,563.5,318.5,122.5,7,2,0.4,2,26,28
0.9,563.5,318.5,122.5,7,3,0.4,2,27,25
0.9,563.5,318.5,122.5,7,4,0.4,2,26,25
0.9,563.5,318.5,122.5,7,5,0.4,2,26,31
0.86,588,294,147,7,2,0.4,2,22,25
0.86,588,294,147,7,3,0.4,2,23,21
0.86,588,294,147,7,4,0.4,2,22,22
0.86,588,294,147,7,5,0.4,2,22,27
0.82,612.5,318.5,147,7,2,0.4,2,19,20
0.82,612.5,318.5,147,7,3,0.4,2,19,18
0.82,612.5,318.5,147,7,4,0.4,2,19,19
0.82,612.5,318.5,147,7,5,0.4,2,18,23
0.79,637,343,147,7,2,0.4,2,32,36
0.79,637,343,147,7,3,0.4,2,33,29
0.79,637,343,147,7,4,0.4,2,33,29
0.79,637,343,147,7,5,0.4,2,32,38
0.76,661.5,416.5,122.5,7,2,0.4,2,31,29
0.76,661.5,416.5,122.5,7,3,0.4,2,30,30
0.76,661.5,416.5,122.5,7,4,0.4,2,31,30
0.76,661.5,416.5,122.5,7,5,0.4,2,30,30
0.74,686,245,220.5,3.5,2,0.4,2,6,6
0.74,686,245,220.5,3.5,3,0.4,2,5,7
0.74,686,245,220.5,3.5,4,0.4,2,5,7
0.74,686,245,220.5,3.5,5,0.4,2,5,7
0.71,710.5,269.5,220.5,3.5,2,0.4,2,6,7
0.71,710.5,269.5,220.5,3.5,3,0.4,2,6,7
0.71,710.5,269.5,220.5,3.5,4,0.4,2,5,7
0.71,710.5,269.5,220.5,3.5,5,0.4,2,6,8
0.69,735,294,220.5,3.5,2,0.4,2,6,6
0.69,735,294,220.5,3.5,3,0.4,2,6,7
0.69,735,294,220.5,3.5,4,0.4,2,5,7
0.69,735,294,220.5,3.5,5,0.4,2,6,7
0.66,759.5,318.5,220.5,3.5,2,0.4,2,6,8
0.66,759.5,318.5,220.5,3.5,3,0.4,2,6,8
0.66,759.5,318.5,220.5,3.5,4,0.4,2,6,8
0.66,759.5,318.5,220.5,3.5,5,0.4,2,6,8
0.64,784,343,220.5,3.5,2,0.4,2,10,12
0.64,784,343,220.5,3.5,3,0.4,2,10,12
0.64,784,343,220.5,3.5,4,0.4,2,10,12
0.64,784,343,220.5,3.5,5,0.4,2,10,12
0.62,808.5,367.5,220.5,3.5,2,0.4,2,8,7
0.62,808.5,367.5,220.5,3.5,3,0.4,2,8,7
0.62,808.5,367.5,220.5,3.5,4,0.4,2,8,7
0.62,808.5,367.5,220.5,3.5,5,0.4,2,8,7
0.98,514.5,294,110.25,7,2,0.4,3,23,23
0.98,514.5,294,110.25,7,3,0.4,3,23,23
0.98,514.5,294,110.25,7,4,0.4,3,22,24
0.98,514.5,294,110.25,7,5,0.4,3,23,24
0.9,563.5,318.5,122.5,7,2,0.4,3,24,27
0.9,563.5,318.5,122.5,7,3,0.4,3,25,25
0.9,563.5,318.5,122.5,7,4,0.4,3,25,24
0.9,563.5,318.5,122.5,7,5,0.4,3,24,23
0.86,588,294,147,7,2,0.4,3,21,25
0.86,588,294,147,7,3,0.4,3,22,25
0.86,588,294,147,7,4,0.4,3,22,20
0.86,588,294,147,7,5,0.4,3,22,22
0.82,612.5,318.5,147,7,2,0.4,3,19,22
0.82,612.5,318.5,147,7,3,0.4,3,20,21
0.82,612.5,318.5,147,7,4,0.4,3,19,20
0.82,612.5,318.5,147,7,5,0.4,3,19,20
0.79,637,343,147,7,2,0.4,3,31,36
0.79,637,343,147,7,3,0.4,3,31,34
0.79,637,343,147,7,4,0.4,3,32,29
0.79,637,343,147,7,5,0.4,3,32,28
0.76,661.5,416.5,122.5,7,2,0.4,3,29,28
0.76,661.5,416.5,122.5,7,3,0.4,3,30,28
0.76,661.5,416.5,122.5,7,4,0.4,3,29,30
0.76,661.5,416.5,122.5,7,5,0.4,3,30,30
0.74,686,245,220.5,3.5,2,0.4,3,5,6
0.74,686,245,220.5,3.5,3,0.4,3,5,5
0.74,686,245,220.5,3.5,4,0.4,3,5,7
0.74,686,245,220.5,3.5,5,0.4,3,5,7
0.71,710.5,269.5,220.5,3.5,2,0.4,3,5,6
0.71,710.5,269.5,220.5,3.5,3,0.4,3,5,5
0.71,710.5,269.5,220.5,3.5,4,0.4,3,5,7
0.71,710.5,269.5,220.5,3.5,5,0.4,3,5,6
0.69,735,294,220.5,3.5,2,0.4,3,5,6
0.69,735,294,220.5,3.5,3,0.4,3,6,6
0.69,735,294,220.5,3.5,4,0.4,3,5,7
0.69,735,294,220.5,3.5,5,0.4,3,5,7
0.66,759.5,318.5,220.5,3.5,2,0.4,3,6,7
0.66,759.5,318.5,220.5,3.5,3,0.4,3,6,8
0.66,759.5,318.5,220.5,3.5,4,0.4,3,6,8
0.66,759.5,318.5,220.5,3.5,5,0.4,3,6,8
0.64,784,343,220.5,3.5,2,0.4,3,9,11
0.64,784,343,220.5,3.5,3,0.4,3,10,11
0.64,784,343,220.5,3.5,4,0.4,3,9,12
0.64,784,343,220.5,3.5,5,0.4,3,9,12
0.62,808.5,367.5,220.5,3.5,2,0.4,3,7,7
0.62,808.5,367.5,220.5,3.5,3,0.4,3,7,7
0.62,808.5,367.5,220.5,3.5,4,0.4,3,8,7
0.62,808.5,367.5,220.5,3.5,5,0.4,3,8,6
0.98,514.5,294,110.25,7,2,0.4,4,23,23
0.98,514.5,294,110.25,7,3,0.4,4,23,23
0.98,514.5,294,110.25,7,4,0.4,4,22,24
0.98,514.5,294,110.25,7,5,0.4,4,23,24
0.9,563.5,318.5,122.5,7,2,0.4,4,26,24
0.9,563.5,318.5,122.5,7,3,0.4,4,26,30
0.9,563.5,318.5,122.5,7,4,0.4,4,25,29
0.9,563.5,318.5,122.5,7,5,0.4,4,27,26
0.86,588,294,147,7,2,0.4,4,22,22
0.86,588,294,147,7,3,0.4,4,22,26
0.86,588,294,147,7,4,0.4,4,22,26
0.86,588,294,147,7,5,0.4,4,23,21
0.82,612.5,318.5,147,7,2,0.4,4,19,18
0.82,612.5,318.5,147,7,3,0.4,4,18,22
0.82,612.5,318.5,147,7,4,0.4,4,19,21
0.82,612.5,318.5,147,7,5,0.4,4,20,18
0.79,637,343,147,7,2,0.4,4,33,28
0.79,637,343,147,7,3,0.4,4,32,38
0.79,637,343,147,7,4,0.4,4,31,36
0.79,637,343,147,7,5,0.4,4,33,30
0.76,661.5,416.5,122.5,7,2,0.4,4,31,30
0.76,661.5,416.5,122.5,7,3,0.4,4,30,30
0.76,661.5,416.5,122.5,7,4,0.4,4,31,30
0.76,661.5,416.5,122.5,7,5,0.4,4,30,31
0.74,686,245,220.5,3.5,2,0.4,4,5,7
0.74,686,245,220.5,3.5,3,0.4,4,5,7
0.74,686,245,220.5,3.5,4,0.4,4,5,7
0.74,686,245,220.5,3.5,5,0.4,4,5,7
0.71,710.5,269.5,220.5,3.5,2,0.4,4,6,7
0.71,710.5,269.5,220.5,3.5,3,0.4,4,6,7
0.71,710.5,269.5,220.5,3.5,4,0.4,4,5,7
0.71,710.5,269.5,220.5,3.5,5,0.4,4,6,8
0.69,735,294,220.5,3.5,2,0.4,4,6,7
0.69,735,294,220.5,3.5,3,0.4,4,6,7
0.69,735,294,220.5,3.5,4,0.4,4,6,7
0.69,735,294,220.5,3.5,5,0.4,4,6,7
0.66,759.5,318.5,220.5,3.5,2,0.4,4,6,8
0.66,759.5,318.5,220.5,3.5,3,0.4,4,6,8
0.66,759.5,318.5,220.5,3.5,4,0.4,4,6,8
0.66,759.5,318.5,220.5,3.5,5,0.4,4,6,8
0.64,784,343,220.5,3.5,2,0.4,4,10,12
0.64,784,343,220.5,3.5,3,0.4,4,10,12
0.64,784,343,220.5,3.5,4,0.4,4,10,12
0.64,784,343,220.5,3.5,5,0.4,4,10,12
0.62,808.5,367.5,220.5,3.5,2,0.4,4,7,7
0.62,808.5,367.5,220.5,3.5,3,0.4,4,8,7
0.62,808.5,367.5,220.5,3.5,4,0.4,4,8,7
0.62,808.5,367.5,220.5,3.5,5,0.4,4,8,7
0.98,514.5,294,110.25,7,2,0.4,5,23,23
0.98,514.5,294,110.25,7,3,0.4,5,23,23
0.98,514.5,294,110.25,7,4,0.4,5,22,24
0.98,514.5,294,110.25,7,5,0.4,5,23,24
0.9,563.5,318.5,122.5,7,2,0.4,5,26,24
0.9,563.5,318.5,122.5,7,3,0.4,5,25,23
0.9,563.5,318.5,122.5,7,4,0.4,5,25,29
0.9,563.5,318.5,122.5,7,5,0.4,5,25,27
0.86,588,294,147,7,2,0.4,5,22,20
0.86,588,294,147,7,3,0.4,5,22,21
0.86,588,294,147,7,4,0.4,5,21,26
0.86,588,294,147,7,5,0.4,5,22,26
0.82,612.5,318.5,147,7,2,0.4,5,20,20
0.82,612.5,318.5,147,7,3,0.4,5,20,20
0.82,612.5,318.5,147,7,4,0.4,5,19,24
0.82,612.5,318.5,147,7,5,0.4,5,20,23
0.79,637,343,147,7,2,0.4,5,32,29
0.79,637,343,147,7,3,0.4,5,32,28
0.79,637,343,147,7,4,0.4,5,31,37
0.79,637,343,147,7,5,0.4,5,31,35
0.76,661.5,416.5,122.5,7,2,0.4,5,29,29
0.76,661.5,416.5,122.5,7,3,0.4,5,30,30
0.76,661.5,416.5,122.5,7,4,0.4,5,29,28
0.76,661.5,416.5,122.5,7,5,0.4,5,30,28
0.74,686,245,220.5,3.5,2,0.4,5,5,7
0.74,686,245,220.5,3.5,3,0.4,5,5,7
0.74,686,245,220.5,3.5,4,0.4,5,5,7
0.74,686,245,220.5,3.5,5,0.4,5,5,7
0.71,710.5,269.5,220.5,3.5,2,0.4,5,3,6
0.71,710.5,269.5,220.5,3.5,3,0.4,5,4,5
0.71,710.5,269.5,220.5,3.5,4,0.4,5,4,5
0.71,710.5,269.5,220.5,3.5,5,0.4,5,3,5
0.69,735,294,220.5,3.5,2,0.4,5,5,7
0.69,735,294,220.5,3.5,3,0.4,5,5,6
0.69,735,294,220.5,3.5,4,0.4,5,5,7
0.69,735,294,220.5,3.5,5,0.4,5,5,7
0.66,759.5,318.5,220.5,3.5,2,0.4,5,6,8
0.66,759.5,318.5,220.5,3.5,3,0.4,5,6,8
0.66,759.5,318.5,220.5,3.5,4,0.4,5,6,8
0.66,759.5,318.5,220.5,3.5,5,0.4,5,6,8
0.64,784,343,220.5,3.5,2,0.4,5,9,11
0.64,784,343,220.5,3.5,3,0.4,5,9,10
0.64,784,343,220.5,3.5,4,0.4,5,9,11
0.64,784,343,220.5,3.5,5,0.4,5,9,11
0.62,808.5,367.5,220.5,3.5,2,0.4,5,8,7
0.62,808.5,367.5,220.5,3.5,3,0.4,5,7,7
0.62,808.5,367.5,220.5,3.5,4,0.4,5,7,7
0.62,808.5,367.5,220.5,3.5,5,0.4,5,8,6
